cx562zlwc	抽奖-30元套餐抵金券
5thk2wpci	抽奖-30元套餐抵金券
yqty3ttso	抽奖-30元套餐抵金券
l1mjutmro	抽奖-30元套餐抵金券
8cg4mugqp	抽奖-30元套餐抵金券
exywvqq7u	抽奖-30元套餐抵金券
18sinrk6v	抽奖-30元套餐抵金券
7uaavnun0	抽奖-30元套餐抵金券
u54vnoom1	抽奖-30元套餐抵金券
hgxgfoil2	抽奖-30元套餐抵金券
n1g9nks27	抽奖-30元套餐抵金券
ac9uflm18	抽奖-30元套餐抵金券
xn2f7mg08	抽奖-30元套餐抵金券
39l8fiqie	抽奖-30元套餐抵金券
qket7ikhe	抽奖-30元套餐抵金券
w5xmfeuyk	抽奖-30元套餐抵金券
jgq77foxk	抽奖-30元套餐抵金券
6rkszgiwl	抽奖-30元套餐抵金券
cd2l7csdq	抽奖-30元套餐抵金券
zow6zcmcr	抽奖-30元套餐抵金券
mzprrdgbs	抽奖-30元套餐抵金券
sk7kz9qsx	抽奖-30元套餐抵金券
fv15rakry	抽奖-30元套餐抵金券
lhjxz6u83	抽奖-30元套餐抵金券
8sdir7o74	抽奖-30元套餐抵金券
v363j7i64	抽奖-30元套餐抵金券
1ppwr3sn9	抽奖-30元套餐抵金券
o0ihj4mma	抽奖-30元套餐抵金券
bbb2b5glb	抽奖-30元套餐抵金券
hwuvk1q2g	抽奖-30元套餐抵金券
47ngb1k1h	抽奖-30元套餐抵金券
at69kxuim	抽奖-30元套餐抵金券
x4zucyoin	抽奖-30元套餐抵金券
kftf4zhho	抽奖-30元套餐抵金券
q0b8cvsyt	抽奖-30元套餐抵金券
db5t4vlxt	抽奖-30元套餐抵金券
0myewwfwu	抽奖-30元套餐抵金券
68h74spdz	抽奖-30元套餐抵金券
tjaswtjc0	抽奖-30元套餐抵金券
z4tk4ptt5	抽奖-30元套餐抵金券
mfm5wpns6	抽奖-30元套餐抵金券
9qfqoqhr7	抽奖-30元套餐抵金券
fcyjwmr8c	抽奖-30元套餐抵金券
2nr4onl7d	抽奖-30元套餐抵金券
pylpgnf6e	抽奖-30元套餐抵金券
vj3iokpnj	抽奖-30元套餐抵金券
iux3gkjmj	抽奖-30元套餐抵金券
ogfwogt3p	抽奖-30元套餐抵金券
br8hghn2p	抽奖-30元套餐抵金券
y2228ih1q	抽奖-30元套餐抵金券
4nkvgeriv	抽奖-30元套餐抵金券
ryeg8elhw	抽奖-30元套餐抵金券
e9710ffhx	抽奖-30元套餐抵金券
kvqu8bpy2	抽奖-30元套餐抵金券
76jf0cjx3	抽奖-30元套餐抵金券
dr2798te8	抽奖-30元套餐抵金券
02vs18nd9	抽奖-30元套餐抵金券
ndodt9hc9	抽奖-30元套餐抵金券
tz7615rtf	抽奖-30元套餐抵金券
ga0rt6lsf	抽奖-30元套餐抵金券
3lucl6frg	抽奖-30元套餐抵金券
97c5t2p8l	抽奖-30元套餐抵金券
wi6ql3j7m	抽奖-30元套餐抵金券
23ojtztor	抽奖-30元套餐抵金券
pei4l0nns	抽奖-30元套餐抵金券
cpbpd0gmt	抽奖-30元套餐抵金券
ibtilxq3y	抽奖-30元套餐抵金券
5mn3dxk2z	抽奖-30元套餐抵金券
sxgo5ye1z	抽奖-30元套餐抵金券
yizhduoi5	抽奖-30元套餐抵金券
lts25vih5	抽奖-30元套餐抵金券
rfbudrsza	抽奖-30元套餐抵金券
eq4f5rmyb	抽奖-30元套餐抵金券
11x0xsgxc	抽奖-30元套餐抵金券
7mgt5oqeh	抽奖-30元套餐抵金券
ux9expkdi	抽奖-30元套餐抵金券
h83zppecj	抽奖-30元套餐抵金券
nulsxloto	抽奖-30元套餐抵金券
a5fdpmisp	抽奖-30元套餐抵金券
gqx6yis9u	抽奖-30元套餐抵金券
31rrqjm8u	抽奖-30元套餐抵金券
qckchjg7v	抽奖-30元套餐抵金券
wy35qfqo0	抽奖-30元套餐抵金券
j9wqigkn1	抽奖-30元套餐抵金券
7kpbahem2	抽奖-30元套餐抵金券
c584ido37	抽奖-30元套餐抵金券
0g1padi28	抽奖-30元套餐抵金券
52khiasjd	抽奖-30元套餐抵金券
tdd2aamie	抽奖-30元套餐抵金券
go7n2bghe	抽奖-30元套餐抵金券
l9pga7qzk	抽奖-30元套餐抵金券
9kj128kyk	抽奖-30元套餐抵金券
wvcmu8exl	抽奖-30元套餐抵金券
2huf24oeq	抽奖-30元套餐抵金券
pso0u5idr	抽奖-30元套餐抵金券
ve6t21suw	抽奖-30元套餐抵金券
ip0eu2mtx	抽奖-30元套餐抵金券
50tzm2fsy	抽奖-30元套餐抵金券
blcsuyp93	抽奖-30元套餐抵金券
yw5dmzj84	抽奖-30元套餐抵金券
l7yye0d74	抽奖-30元套餐抵金券
rthrmwnoa	抽奖-30元套餐抵金券
e4acewhna	抽奖-30元套餐抵金券
kpt4msr4g	抽奖-30元套餐抵金券
70mpetl3g	抽奖-30元套餐抵金券
ubga6uf2h	抽奖-30元套餐抵金券
0xy3fqpjm	抽奖-30元套餐抵金券
n8so7qjin	抽奖-30元套餐抵金券
ajl9yrdho	抽奖-30元套餐抵金券
g4427nnzt	抽奖-30元套餐抵金券
3fxnzohyu	抽奖-30元套餐抵金券
91fg7krfz	抽奖-30元套餐抵金券
wc91zlle0	抽奖-30元套餐抵金券
jn2mrlfd0	抽奖-30元套餐抵金券
p8lfzhpu5	抽奖-30元套餐抵金券
cje0rijt6	抽奖-30元套餐抵金券
zu8ljjds7	抽奖-30元套餐抵金券
5gqerfn9c	抽奖-30元套餐抵金券
srjzjfh8d	抽奖-30元套餐抵金券
yc2rrbrpi	抽奖-30元套餐抵金券
lnvcjcloj	抽奖-30元套餐抵金券
8ypxbdfnk	抽奖-30元套餐抵金券
ek7qj9p4p	抽奖-30元套餐抵金券
1v1bb9j3q	抽奖-30元套餐抵金券
o6uw3ad2q	抽奖-30元套餐抵金券
urdpb6njv	抽奖-30元套餐抵金券
h26a37hiw	抽奖-30元套餐抵金券
nop3b3r01	抽奖-30元套餐抵金券
azio33kz2	抽奖-30元套餐抵金券
xab9v4ey3	抽奖-30元套餐抵金券
3wu240of8	抽奖-30元套餐抵金券
q7nnv1ie9	抽奖-30元套餐抵金券
dih8n1cda	抽奖-30元套餐抵金券
j3z1wymuf	抽奖-30元套餐抵金券
6etmoygtf	抽奖-30元套餐抵金券
c0bewuqal	抽奖-30元套餐抵金券
zb5zovk9l	抽奖-30元套餐抵金券
mmylgwe8m	抽奖-30元套餐抵金券
s7gdosopr	抽奖-30元套餐抵金券
fiaygsios	抽奖-30元套餐抵金券
2t3j8tcnt	抽奖-30元套餐抵金券
8fmcgpm4y	抽奖-30元套餐抵金券
vqfx8qg3z	抽奖-30元套餐抵金券
1byqgmqk4	抽奖-30元套餐抵金券
omrb8mkj5	抽奖-30元套餐抵金券
bxkw0nei5	抽奖-30元套餐抵金券
hj3p8jo0b	抽奖-30元套餐抵金券
4uwa0kizb	抽奖-30元套餐抵金券
r5qvskcyc	抽奖-30元套餐抵金券
xq8o0hmfh	抽奖-30元套餐抵金券
k129shgei	抽奖-30元套餐抵金券
qnk10dqvn	抽奖-30元套餐抵金券
dyemsekuo	抽奖-30元套餐抵金券
0978kfetp	抽奖-30元套餐抵金券
6uq0sboau	抽奖-30元套餐抵金券
t5jlkbi9v	抽奖-30元套餐抵金券
ggc6ccc8v	抽奖-30元套餐抵金券
m2vzl8mp1	抽奖-30元套餐抵金券
9dokd9fo1	抽奖-30元套餐抵金券
fy7dl5q56	抽奖-30元套餐抵金券
290yd5j47	抽奖-30元套餐抵金券
pkuj56d38	抽奖-30元套餐抵金券
v6ccd2nkd	抽奖-30元套餐抵金券
ih6x53hje	抽奖-30元套餐抵金券
behb5zlzk	抽奖-30元套餐抵金券
ypbwx0fzl	抽奖-30元套餐抵金券
rln9xxjfq	抽奖-30元套餐抵金券
ewgvpxder	抽奖-30元套餐抵金券
kiznxunvw	抽奖-30元套餐抵金券
7ts8puhux	抽奖-30元套餐抵金券
v4lthvbty	抽奖-30元套餐抵金券
0p4mprla3	抽奖-30元套餐抵金券
n0x7hsf94	抽奖-30元套餐抵金券
tmg0popq9	抽奖-30元套餐抵金券
gx9lhojpa	抽奖-30元套餐抵金券
48369pdob	抽奖-30元套餐抵金券
9tlzhln5g	抽奖-30元套餐抵金券
x4fk9mh4g	抽奖-30元套餐抵金券
kf851mb3h	抽奖-30元套餐抵金券
p1ry9ilkm	抽奖-30元套餐抵金券
68ww2gjzt	抽奖-30元套餐抵金券
tjpiugdzu	抽奖-30元套餐抵金券
z58a2cngz	抽奖-30元套餐抵金券
mg1vudhf0	抽奖-30元套餐抵金券
9rvgmebe0	抽奖-30元套餐抵金券
bro7e5gpj	抽奖-30元套餐抵金券
4o0le1k5p	抽奖-30元套餐抵金券
rzt662e4q	抽奖-30元套餐抵金券
xlcyeyolv	抽奖-30元套餐抵金券
kw5k6zikw	抽奖-30元套餐抵金券
dshx6vm02	抽奖-30元套餐抵金券
03aiywgz2	抽奖-30元套餐抵金券
ne43qxaz3	抽奖-30元套餐抵金券
gbghqtef9	抽奖-30元套餐抵金券
mwyazpowe	抽奖-30元套餐抵金券
97svrqivf	抽奖-30元套餐抵金券
wilgircug	抽奖-30元套餐抵金券
2439rnmbl	抽奖-30元套餐抵金券
cqqfboa9m	抽奖-30元套餐抵金券
ib98jkkqr	抽奖-30元套餐抵金券
5m2tbleps	抽奖-30元套餐抵金券
b8lljho6x	抽奖-30元套餐抵金券
yje7bii5y	抽奖-30元套餐抵金券
lu7s3ic4z	抽奖-30元套餐抵金券
rfqkbeml4	抽奖-30元套餐抵金券
eqj53fgk5	抽奖-30元套餐抵金券
11dqvg9j6	抽奖-30元套餐抵金券
7nvj3ck0b	抽奖-30元套餐抵金券
uyp4vcdzb	抽奖-30元套餐抵金券
0j7x38ohh	抽奖-30元套餐抵金券
nu1iv9hgh	抽奖-30元套餐抵金券
a5u3nabfi	抽奖-30元套餐抵金券
grdwv6lwn	抽奖-30元套餐抵金券
326hn6fvo	抽奖-30元套餐抵金券
qdz2f79up	抽奖-30元套餐抵金券
wyivn3jbu	抽奖-30元套餐抵金券
j9bgf4dav	抽奖-30元套餐抵金券
pvu8o0nr0	抽奖-30元套餐抵金券
c6nuf0hq1	抽奖-30元套餐抵金券
zhhf71bp1	抽奖-30元套餐抵金券
53z7gxl67	抽奖-30元套餐抵金券
sess8yf57	抽奖-30元套餐抵金券
fpmd0y948	抽奖-30元套餐抵金券
la468vjld	抽奖-30元套餐抵金券
8lyr0vdke	抽奖-30元套餐抵金券
e7gk8rn1j	抽奖-30元套餐抵金券
1ia50sh0k	抽奖-30元套餐抵金券
ot3qstbzl	抽奖-30元套餐抵金券
uemj0plhq	抽奖-30元套餐抵金券
hpf4spfgr	抽奖-30元套餐抵金券
408pkq9fr	抽奖-30元套餐抵金券
amrismjwx	抽奖-30元套餐抵金券
xxk3kndvx	抽奖-30元套餐抵金券
3i3vsjnc2	抽奖-30元套餐抵金券
qtwhkjhb3	抽奖-30元套餐抵金券
d4q2ckba4	抽奖-30元套餐抵金券
jq8ukglr9	抽奖-30元套餐抵金券
612fchfqa	抽奖-30元套餐抵金券
tcv04h8pb	抽奖-30元套餐抵金券
zxetcdj6g	抽奖-30元套餐抵金券
m87e4ec5h	抽奖-30元套餐抵金券
sup7cammm	抽奖-30元套餐抵金券
f5js4bgln	抽奖-30元套餐抵金券
2gcdwbakn	抽奖-30元套餐抵金券
81v658k1s	抽奖-30元套餐抵金券
vcorw8e0t	抽奖-30元套餐抵金券
inico98zu	抽奖-30元套餐抵金券
o905x5ihz	抽奖-30元套餐抵金券
bktqp6cg0	抽奖-30元套餐抵金券
h5cjx2mx5	抽奖-30元套餐抵金券
4g54p2gw6	抽奖-30元套餐抵金券
rrzph3av7	抽奖-30元套餐抵金券
xdhhpzkcc	抽奖-30元套餐抵金券
kob2h0ebc	抽奖-30元套餐抵金券
8z4n908ad	抽奖-30元套餐抵金券
dlnghwiri	抽奖-30元套餐抵金券
1wg19xcqj	抽奖-30元套餐抵金券
6hzuhtm7o	抽奖-30元套餐抵金券
tssf9ug6p	抽奖-30元套餐抵金券
h3l01ua5q	抽奖-30元套餐抵金券
mp4t9qkmv	抽奖-30元套餐抵金券
a0xe1relw	抽奖-30元套餐抵金券
xbrzts8kw	抽奖-30元套餐抵金券
3w9s1oi12	抽奖-30元套餐抵金券
q73dtoc02	抽奖-30元套餐抵金券
vtl61lmh8	抽奖-30元套餐抵金券
j4frtlgh8	抽奖-30元套餐抵金券
6f8clmag9	抽奖-30元套餐抵金券
c0q4tikxe	抽奖-30元套餐抵金券
zbkpljewf	抽奖-30元套餐抵金券
mmdadj7vg	抽奖-30元套餐抵金券
s8w3mfhcl	抽奖-30元套餐抵金券
fjpoegbbm	抽奖-30元套餐抵金券
l48hmclsr	抽奖-30元套餐抵金券
8f12edfrs	抽奖-30元套餐抵金券
vqun6d9qs	抽奖-30元套餐抵金券
1cdge9j7y	抽奖-30元套餐抵金券
on616ad6y	抽奖-30元套餐抵金券
by0myb75z	抽奖-30元套餐抵金券
hjif67hm4	抽奖-30元套餐抵金券
4uc0y7bl5	抽奖-30元套餐抵金券
agut64l2a	抽奖-30元套餐抵金券
xroey4f1b	抽奖-30元套餐抵金券
k2hzq590c	抽奖-30元套餐抵金券
qn0ry1jhh	抽奖-30元套餐抵金券
dytcq2dhi	抽奖-30元套餐抵金券
09myi27gi	抽奖-30元套餐抵金券
6v5qqyhxn	抽奖-30元套餐抵金券
t6ybizbwo	抽奖-30元套餐抵金券
zsh4qvldt	抽奖-30元套餐抵金券
m3apiwfcu	抽奖-30元套餐抵金券
9e4aaw9bv	抽奖-30元套餐抵金券
fzm3isjs0	抽奖-30元套餐抵金券
2afoatdr1	抽奖-30元套餐抵金券
pl992u7q2	抽奖-30元套餐抵金券
v7r2bqh77	抽奖-30元套餐抵金券
iiln2qb68	抽奖-30元套餐抵金券
o33gbmlnd	抽奖-30元套餐抵金券
bex13nfmd	抽奖-30元套餐抵金券
ypqmvo9le	抽奖-30元套餐抵金券
4b9e3kj2j	抽奖-30元套餐抵金券
rm2zvkd1k	抽奖-30元套餐抵金券
exvlnl60l	抽奖-30元套餐抵金券
kiedvhghq	抽奖-30元套餐抵金券
7t7yniahr	抽奖-30元套餐抵金券
dfqrvekyw	抽奖-30元套餐抵金券
0qjcnfexx	抽奖-30元套餐抵金券
n1dxff8wx	抽奖-30元套餐抵金券
tmvqnbid3	抽奖-30元套餐抵金券
gxpbfccc3	抽奖-30元套餐抵金券
38iw7d6b4	抽奖-30元套餐抵金券
9u1pf9gs9	抽奖-30元套餐抵金券
w5ua79ara	抽奖-30元套餐抵金券
2qc3f5k8f	抽奖-30元套餐抵金券
p16o76e7g	抽奖-30元套餐抵金券
ccz9z786h	抽奖-30元套餐抵金券
iyi173inm	抽奖-30元套餐抵金券
59bmz3cmn	抽奖-30元套餐抵金券
sk58r46ln	抽奖-30元套餐抵金券
y5n0z0g2t	抽奖-30元套餐抵金券
lgglr1a1t	抽奖-30元套餐抵金券
r2ze0xkiz	抽奖-30元套餐抵金券
edszsxehz	抽奖-30元套餐抵金券
1omkjy8g0	抽奖-30元套餐抵金券
7a4dsuiy5	抽奖-30元套餐抵金券
ulyykvcx6	抽奖-30元套餐抵金券
hwrjcv6w7	抽奖-30元套餐抵金券
nhacksgdc	抽奖-30元套餐抵金券
as3xcsacd	抽奖-30元套餐抵金券
gemqkokti	抽奖-30元套餐抵金券
3pfbcpesj	抽奖-30元套餐抵金券
q08w4q8rj	抽奖-30元套餐抵金券
wlrocmi8o	抽奖-30元套餐抵金券
jwk94mb7p	抽奖-30元套餐抵金券
67evwn56q	抽奖-30元套餐抵金券
ctwn4jfnv	抽奖-30元套餐抵金券
z4q8wk9mw	抽奖-30元套餐抵金券
5p814gj31	抽奖-30元套餐抵金券
s01mwgd22	抽奖-30元套餐抵金券
fbv7oh713	抽奖-30元套餐抵金券
lxd0wdhi8	抽奖-30元套餐抵金券
887loebh8	抽奖-30元套餐抵金券
vj06ge5g9	抽奖-30元套餐抵金券
14jzoafye	抽奖-30元套餐抵金券
ofckgb9xf	抽奖-30元套餐抵金券
u1vdp7jek	抽奖-30元套餐抵金券
hcoyg8ddl	抽奖-30元套餐抵金券
5nhj887cm	抽奖-30元套餐抵金券
a80bh5htr	抽奖-30元套餐抵金券
xjtw95bss	抽奖-30元套餐抵金券
luni165rs	抽奖-30元套餐抵金券
qg5a92f8y	抽奖-30元套餐抵金券
erzv1397y	抽奖-30元套餐抵金券
jcho9zjo4	抽奖-30元套餐抵金券
7nb91zdn4	抽奖-30元套餐抵金券
uy4ut07m5	抽奖-30元套餐抵金券
zknn1wh3a	抽奖-30元套餐抵金券
nvg8txb2b	抽奖-30元套餐抵金券
a69tlx51c	抽奖-30元套餐抵金券
gssmttfih	抽奖-30元套餐抵金券
33l7lu9hi	抽奖-30元套餐抵金券
9o40tqjzn	抽奖-30元套餐抵金券
wzxllrdyo	抽奖-30元套餐抵金券
jar6dr6xo	抽奖-30元套餐抵金券
pw9ylnheu	抽奖-30元套餐抵金券
c72kdoadu	抽奖-30元套餐抵金券
ziw55p4cv	抽奖-30元套餐抵金券
53exdlet0	抽奖-30元套餐抵金券
se8i5l8s1	抽奖-30元套餐抵金券
y0qbdii96	抽奖-30元套餐抵金券
lbkw5ic87	抽奖-30元套餐抵金券
8mdhxj678	抽奖-30元套餐抵金券
e7wa6fgod	抽奖-30元套餐抵金券
1ipvygane	抽奖-30元套餐抵金券
otigpg4me	抽奖-30元套餐抵金券
uf19yce3k	抽奖-30元套餐抵金券
hquuqd82k	抽奖-30元套餐抵金券
nbdny9ijp	抽奖-30元套餐抵金券
am68qaciq	抽奖-30元套餐抵金券
xx0tia6hr	抽奖-30元套餐抵金券
3jilq6gzw	抽奖-30元套餐抵金券
quc7i7ayx	抽奖-30元套餐抵金券
d55sa84xy	抽奖-30元套餐抵金券
jqoki4ee3	抽奖-30元套餐抵金券
61h5a48d4	抽奖-30元套餐抵金券
cnzyi0iu9	抽奖-30元套餐抵金券
zytja1ct9	抽奖-30元套餐抵金券
m9m4226sa	抽奖-30元套餐抵金券
su5xayg9f	抽奖-30元套餐抵金券
f5yi2ya8g	抽奖-30元套餐抵金券
2gs3uz47h	抽奖-30元套餐抵金券
82aw2veom	抽奖-30元套餐抵金券
vd3huw8nn	抽奖-30元套餐抵金券
1zma2si4s	抽奖-30元套餐抵金券
oafvutc3t	抽奖-30元套餐抵金券
bl9gmt52t	抽奖-30元套餐抵金券
h6r8vpgjz	抽奖-30元套餐抵金券
4hlumq9iz	抽奖-30元套餐抵金券
rsefer3h0	抽奖-30元套餐抵金券
xex7nndz5	抽奖-30元套餐抵金券
kpqsfn7y6	抽奖-30元套餐抵金券
qa9lnjhfb	抽奖-30元套餐抵金券
dl26fkbec	抽奖-30元套餐抵金券
0wvr7l5dd	抽奖-30元套餐抵金券
6iekfhfui	抽奖-30元套餐抵金券
tt757h9tj	抽奖-30元套餐抵金券
g41qzi3sj	抽奖-30元套餐抵金券
mpjj7ed9p	抽奖-30元套餐抵金券
90d4zf78p	抽奖-30元套餐抵金券
fmvx7bhpv	抽奖-30元套餐抵金券
2xoizcbov	抽奖-30元套餐抵金券
p8i3rc5nw	抽奖-30元套餐抵金券
vt0vz8f41	抽奖-30元套餐抵金券
i4uhr9932	抽奖-30元套餐抵金券
5fn2ja323	抽奖-30元套餐抵金券
b16ur6dj8	抽奖-30元套餐抵金券
yczfj67i9	抽奖-30元套餐抵金券
4xi8r2hze	抽奖-30元套餐抵金券
r8btj3bzf	抽奖-30元套餐抵金券
ej4eb45yf	抽奖-30元套餐抵金券
k5n7j0ffk	抽奖-30元套餐抵金券
7ggsb09el	抽奖-30元套餐抵金券
urad313dm	抽奖-30元套餐抵金券
0cs6cxdur	抽奖-30元套餐抵金券
nnmr3y7ts	抽奖-30元套餐抵金券
t94kcuhax	抽奖-30元套餐抵金券
gky54ub9y	抽奖-30元套餐抵金券
3vrqwv48z	抽奖-30元套餐抵金券
9haj4rfp4	抽奖-30元套餐抵金券
ws34ws8o5	抽奖-30元套餐抵金券
j3wpos2n5	抽奖-30元套餐抵金券
pofhwpc4a	抽奖-30元套餐抵金券
cz82op63b	抽奖-30元套餐抵金券
ilrvwlgkg	抽奖-30元套餐抵金券
5wkgomajh	抽奖-30元套餐抵金券
s7e1gn4ii	抽奖-30元套餐抵金券
yswuojezn	抽奖-30元套餐抵金券
l3pfgj8zo	抽奖-30元套餐抵金券
9ej08k2yp	抽奖-30元套餐抵金券
e01tggcfu	抽奖-30元套餐抵金券
1bve8h6eu	抽奖-30元套餐抵金券
7wd7gdgv0	抽奖-30元套餐抵金券
u77s8dau0	抽奖-30元套餐抵金券
ii0d0e4t1	抽奖-30元套餐抵金券
n4j68aea6	抽奖-30元套餐抵金券
bfcr0b897	抽奖-30元套餐抵金券
yq5csb288	抽奖-30元套餐抵金券
3bo407cpd	抽奖-30元套餐抵金券
rmhps86oe	抽奖-30元套餐抵金券
w80i14g5j	抽奖-30元套餐抵金券
kjt3t5a4k	抽奖-30元套餐抵金券
7unol543k	抽奖-30元套餐抵金券
df5ht2ekq	抽奖-30元套餐抵金券
0qz2l28jq	抽奖-30元套餐抵金券
n1snd32ir	抽奖-30元套餐抵金券
tnaglzczw	抽奖-30元套餐抵金券
gy41d06yx	抽奖-30元套餐抵金券
mjmulwgg2	抽奖-30元套餐抵金券
9ugfdwaf3	抽奖-30元套餐抵金券
w5905x3e4	抽奖-30元套餐抵金券
2rstdtdv9	抽奖-30元套餐抵金券
p2le5u7ua	抽奖-30元套餐抵金券
cdezxu1ta	抽奖-30元套餐抵金券
izxr5qbag	抽奖-30元套餐抵金券
5aqcxr59g	抽奖-30元套餐抵金券
bv955nfql	抽奖-30元套餐抵金券
y62qxo9pm	抽奖-30元套餐抵金券
lhwbpo3on	抽奖-30元套餐抵金券
r3e4xkd5s	抽奖-30元套餐抵金券
ee8ppl74t	抽奖-30元套餐抵金券
1p1ahm13u	抽奖-30元套餐抵金券
7ak3pibkz	抽奖-30元套餐抵金券
uldohi5j0	抽奖-30元套餐抵金券
07whqff05	抽奖-30元套餐抵金券
nip2if9z5	抽奖-30元套餐抵金券
atin9g3y6	抽奖-30元套餐抵金券
ge1gicdgb	抽奖-30元套餐抵金券
3pu1ad7fc	抽奖-30元套餐抵金券
wm6ea9bvi	抽奖-30元套餐抵金券
jx0z2a5uj	抽奖-30元套餐抵金券
piisa6fbo	抽奖-30元套餐抵金券
ctbd279ap	抽奖-30元套餐抵金券
z45yu739p	抽奖-30元套餐抵金券
5qnr23dqv	抽奖-30元套餐抵金券
s1hcu47pv	抽奖-30元套餐抵金券
fcaxm51ow	抽奖-30元套餐抵金券
lxtqu1b51	抽奖-30元套餐抵金券
88mbm1542	抽奖-30元套餐抵金券
eu54uxfl7	抽奖-30元套餐抵金券
15ypmy8k8	抽奖-30元套餐抵金券
ograez2j9	抽奖-30元套餐抵金券
u1a3mvc0e	抽奖-30元套餐抵金券
hc3oev6zf	抽奖-30元套餐抵金券
4nx96w0yf	抽奖-30元套餐抵金券
a9f1esagl	抽奖-30元套餐抵金券
xk9m6t4fl	抽奖-30元套餐抵金券
36rffpewr	抽奖-30元套餐抵金券
qhl06q8vr	抽奖-30元套餐抵金券
dselyq2us	抽奖-30元套餐抵金券
jdxe7mcbx	抽奖-30元套餐抵金券
6oqzzn6ay	抽奖-30元套餐抵金券
tzjkqo09z	抽奖-30元套餐抵金券
zl2dzkaq4	抽奖-30元套餐抵金券
mwvyrk4p5	抽奖-30元套餐抵金券
sherzge6a	抽奖-30元套餐抵金券
fs7crh85b	抽奖-30元套餐抵金券
231xji24b	抽奖-30元套餐抵金券
8pjqreclh	抽奖-30元套餐抵金券
v0cbje6kh	抽奖-30元套餐抵金券
ib6wbf0ji	抽奖-30元套餐抵金券
owoojba0n	抽奖-30元套餐抵金券
b7i9bc4zo	抽奖-30元套餐抵金券
ht02j8eht	抽奖-30元套餐抵金券
44unb88gu	抽奖-30元套餐抵金券
rfn8392fv	抽奖-30元套餐抵金券
x061b5cw0	抽奖-30元套餐抵金券
kbzm366v1	抽奖-30元套餐抵金券
7ms7v60u1	抽奖-30元套餐抵金券
d8b033ab6	抽奖-30元套餐抵金券
0j4lv34a7	抽奖-30元套餐抵金券
64ne3zerc	抽奖-30元套餐抵金券
tfgzv07qd	抽奖-30元套餐抵金券
gqakn11pe	抽奖-30元套餐抵金券
mcsdwxb6j	抽奖-30元套餐抵金券
9nmynx55k	抽奖-30元套餐抵金券
wyfjfyz4l	抽奖-30元套餐抵金券
2jxbou9lq	抽奖-30元套餐抵金券
purxgv3kq	抽奖-30元套餐抵金券
vg9pord1w	抽奖-30元套餐抵金券
ir3agr70w	抽奖-30元套餐抵金券
52wv8s1zx	抽奖-30元套餐抵金券
bofogobh2	抽奖-30元套餐抵金券
yz898p5g3	抽奖-30元套餐抵金券
ma1u0pzf4	抽奖-30元套餐抵金券
rvkn8l9w9	抽奖-30元套餐抵金券
f6d80m3va	抽奖-30元套餐抵金券
ksw18idcf	抽奖-30元套餐抵金券
73pm0j7bg	抽奖-30元套餐抵金券
vej7sj1ag	抽奖-30元套餐抵金券
0z100gbrm	抽奖-30元套餐抵金券
oavlsg5qm	抽奖-30元套餐抵金券
blo6khzpn	抽奖-30元套餐抵金券
h77ysd96s	抽奖-30元套餐抵金券
4i0kke35t	抽奖-30元套餐抵金券
93jcsadmy	抽奖-30元套餐抵金券
xecxka7lz	抽奖-30元套餐抵金券
kp5icb1k0	抽奖-30元套餐抵金券
qbobk7b15	抽奖-30元套餐抵金券
dmhwc8506	抽奖-30元套餐抵金券
0xbh48zz6	抽奖-30元套餐抵金券
6itad49hc	抽奖-30元套餐抵金券
ttnv552gc	抽奖-30元套餐抵金券
zf5od1dxh	抽奖-30元套餐抵金券
91sux20vj	抽奖-30元套餐抵金券
fman5zaco	抽奖-30元套餐抵金券
2x48xz4bp	抽奖-30元套餐抵金券
p8xtp0yaq	抽奖-30元套餐抵金券
vuglxw8rv	抽奖-30元套餐抵金券
i597px2qw	抽奖-30元套餐抵金券
orszxtc71	抽奖-30元套餐抵金券
b1lkpt662	抽奖-30元套餐抵金券
yce5hu052	抽奖-30元套餐抵金券
4yxypqam7	抽奖-30元套餐抵金券
ekk49ryk9	抽奖-30元套餐抵金券
7hwi9o20f	抽奖-30元套餐抵金券
0d8w9l6gl	抽奖-30元套餐抵金券
no1h1l0gm	抽奖-30元套餐抵金券
gldv1i4wr	抽奖-30元套餐抵金券
9hp82f8cx	抽奖-30元套餐抵金券
ppu7uc6r4	抽奖-30元套餐抵金券
c0nsmd0q5	抽奖-30元套餐抵金券
5wz6ma46b	抽奖-30元套餐抵金券
ytbkm68mh	抽奖-30元套餐抵金券
e0hje451n	抽奖-30元套餐抵金券
7xtxe09ht	抽奖-30元套餐抵金券
hjf3y2xgv	抽奖-30元套餐抵金券
n4yw6y7x0	抽奖-30元套餐抵金券
afrhyy1w1	抽奖-30元套餐抵金券
g1a96ubd6	抽奖-30元套餐抵金券
3c3uyv5c7	抽奖-30元套餐抵金券
qnxfqwzb7	抽奖-30元套餐抵金券
w9f8ys9sd	抽奖-30元套餐抵金券
jj9tqs3rd	抽奖-30元套餐抵金券
6u2eitxqe	抽奖-30元套餐抵金券
cgk7qp77j	抽奖-30元套餐抵金券
zresiq16k	抽奖-30元套餐抵金券
5dwlrmbnp	抽奖-30元套餐抵金券
soq6jn5mq	抽奖-30元套餐抵金券
fzjranzlr	抽奖-30元套餐抵金券
lk2kjj92w	抽奖-30元套餐抵金券
8vv5bk31x	抽奖-30元套餐抵金券
v6oq3lx0x	抽奖-30元套餐抵金券
1s7jbh7h2	抽奖-30元套餐抵金券
o3043h1g3	抽奖-30元套餐抵金券
uojwbdby8	抽奖-30元套餐抵金券
hzch3e5x9	抽奖-30元套餐抵金券
4a62vfzwa	抽奖-30元套餐抵金券
awov3b9df	抽奖-30元套餐抵金券
x7igvb3cg	抽奖-30元套餐抵金券
kib1ncwbh	抽奖-30元套餐抵金券
q3uuv87sm	抽奖-30元套餐抵金券
denfn90rm	抽奖-30元套餐抵金券
j068v5a8s	抽奖-30元套餐抵金券
6bztn547s	抽奖-30元套餐抵金券
tmsef6y6t	抽奖-30元套餐抵金券
z7b7n28ny	抽奖-30元套餐抵金券
mi4sf32mz	抽奖-30元套餐抵金券
9tyd73wl0	抽奖-30元套餐抵金券
ffg6f0625	抽奖-30元套餐抵金券
2qar70016	抽奖-30元套餐抵金券
8bsjgwaib	抽奖-30元套餐抵金券
vml47x4hc	抽奖-30元套餐抵金券
jxfpzyygc	抽奖-30元套餐抵金券
ojxi8u8yi	抽奖-30元套餐抵金券
bur30u2xi	抽奖-30元套餐抵金券
z5kosvwwj	抽奖-30元套餐抵金券
4r3h0r6do	抽奖-30元套餐抵金券
s1w2ss0cp	抽奖-30元套餐抵金券
xnfv0oatu	抽奖-30元套餐抵金券
ly8gso4sv	抽奖-30元套餐抵金券
8911kpyrw	抽奖-30元套餐抵金券
evkusl881	抽奖-30元套餐抵金券
16dfkm272	抽奖-30元套餐抵金券
oh70cmw62	抽奖-30元套餐抵金券
u2ptki6n8	抽奖-30元套餐抵金券
hdjecj0m8	抽奖-30元套餐抵金券
nz16kfa3e	抽奖-30元套餐抵金券
aavrcg42e	抽奖-30元套餐抵金券
xloc4gy1f	抽奖-30元套餐抵金券
3665cd8ik	抽奖-30元套餐抵金券
qh0q4d2hl	抽奖-30元套餐抵金券
dstbwevgm	抽奖-30元套餐抵金券
jec44a6yr	抽奖-30元套餐抵金券
6p5pwbzxs	抽奖-30元套餐抵金券
caoi479ex	抽奖-30元套餐抵金券
zlh3w73dy	抽奖-30元套餐抵金券
mwaoo8xcy	抽奖-30元套餐抵金券
sithx47t3	抽奖-30元套餐抵金券
ftm2p51s4	抽奖-30元套餐抵金券
24gng5vr5	抽奖-30元套餐抵金券
8pygp158a	抽奖-30元套餐抵金券
v0s1h2z7b	抽奖-30元套餐抵金券
1matpy9og	抽奖-30元套餐抵金券
ox4ehz3nh	抽奖-30元套餐抵金券
b8xz9zxmi	抽奖-30元套餐抵金券
htgshv73n	抽奖-30元套餐抵金券
449d9w12n	抽奖-30元套餐抵金券
rf2y1xv1o	抽奖-30元套餐抵金券
x1lr9t5it	抽奖-30元套餐抵金券
kcec1tzhu	抽奖-30元套餐抵金券
qyx59q9zz	抽奖-30元套餐抵金券
d9qq1q3y0	抽奖-30元套餐抵金券
0jkbtrxx1	抽奖-30元套餐抵金券
65241n7e6	抽奖-30元套餐抵金券
tgwpto1d7	抽奖-30元套餐抵金券
grpalovc7	抽奖-30元套餐抵金券
md73tk5td	抽奖-30元套餐抵金券
9o1ollzsd	抽奖-30元套餐抵金券
f9jgth99j	抽奖-30元套餐抵金券
2kd1li38j	抽奖-30元套餐抵金券
pv6mdix7k	抽奖-30元套餐抵金券
vhpfme7op	抽奖-30元套餐抵金券
isi0df1nq	抽奖-30元套餐抵金券
53bl5gumr	抽奖-30元套餐抵金券
boueec43w	抽奖-30元套餐抵金券
yznz6cy2x	抽奖-30元套餐抵金券
4l6se98j2	抽奖-30元套餐抵金券
rwzd692i3	抽奖-30元套餐抵金券
e7tyyawh3	抽奖-30元套餐抵金券
ksbr666y9	抽奖-30元套餐抵金券
735cy70y9	抽奖-30元套餐抵金券
ueyxq7uxa	抽奖-30元套餐抵金券
00hqy34ef	抽奖-30元套餐抵金券
nbabq4ydg	抽奖-30元套餐抵金券
tws3y08ul	抽奖-30元套餐抵金券
g7moq12tm	抽奖-30元套餐抵金券
3if9i1wsn	抽奖-30元套餐抵金券
94y2qx69s	抽奖-30元套餐抵金券
wfrniy08t	抽奖-30元套餐抵金券
jql8azu7t	抽奖-30元套餐抵金券
pb31iv4oz	抽奖-30元套餐抵金券
cmwmavynz	抽奖-30元套餐抵金券
i8ffir844	抽奖-30元套餐抵金券
5j80as235	抽奖-30元套餐抵金券
su2l2tw26	抽奖-30元套餐抵金券
ygkeap6jb	抽奖-30元套餐抵金券
lrez2p0ic	抽奖-30元套餐抵金券
817kuquhd	抽奖-30元套餐抵金券
enqd3m4yi	抽奖-30元套餐抵金券
1yjyunyyj	抽奖-30元套餐抵金券
7k2q3j8fo	抽奖-30元套餐抵金券
uvvbvk2eo	抽奖-30元套餐抵金券
h6oxnkwdp	抽奖-30元套餐抵金券
nr7pvg6uu	抽奖-30元套餐抵金券
a20anhztv	抽奖-30元套餐抵金券
xduvfitsw	抽奖-30元套餐抵金券
3zcone391	抽奖-30元套餐抵金券
qa69fex82	抽奖-30元套餐抵金券
wvo2na7p7	抽奖-30元套餐抵金券
j6infb1o8	抽奖-30元套餐抵金券
6hb87cvn8	抽奖-30元套餐抵金券
c3t1f854e	抽奖-30元套餐抵金券
zenm78z3e	抽奖-30元套餐抵金券
npg7z9t2f	抽奖-30元套餐抵金券
saz0753jk	抽奖-30元套餐抵金券
glslz6xil	抽奖-30元套餐抵金券
l7bd727zq	抽奖-30元套餐抵金券
8i4yz21yr	抽奖-30元套餐抵金券
wtxkr3vys	抽奖-30元套餐抵金券
1egczz5fx	抽奖-30元套餐抵金券
pp9xr0zey	抽奖-30元套餐抵金券
c03ij0tdy	抽奖-30元套餐抵金券
imlbrx3u4	抽奖-30元套餐抵金券
5xfwjxxt4	抽奖-30元套餐抵金券
aixpst7aa	抽奖-30元套餐抵金券
ytraku19a	抽奖-30元套餐抵金券
l4kvcvv8b	抽奖-30元套餐抵金券
rq3okr5pg	抽奖-30元套餐抵金券
e1w9crzoh	抽奖-30元套餐抵金券
1cpu4stni	抽奖-30元套餐抵金券
7y8nco34n	抽奖-30元套餐抵金券
u9184px3o	抽奖-30元套餐抵金券
0uk0cl7kt	抽奖-30元套餐抵金券
n5dl4l1ju	抽奖-30元套餐抵金券
ag77wmviu	抽奖-30元套餐抵金券
g2pz4i5zz	抽奖-30元套餐抵金券
3djkwjyy0	抽奖-30元套餐抵金券
qoc5ojsx1	抽奖-30元套餐抵金券
w9uywf2f6	抽奖-30元套餐抵金券
jkojogwe7	抽奖-30元套餐抵金券
p66cwc6vc	抽奖-30元套餐抵金券
ch0xod0ud	抽奖-30元套餐抵金券
zstigdute	抽奖-30元套餐抵金券
5dcboa4aj	抽奖-30元套餐抵金券
so5wgay9j	抽奖-30元套餐抵金券
fzyh8bs8k	抽奖-30元套餐抵金券
llhag72pp	抽奖-30元套餐抵金券
8wav88woq	抽奖-30元套餐抵金券
ehtnh465v	抽奖-30元套餐抵金券
1sm89404w	抽奖-30元套餐抵金券
o3gu05u3x	抽奖-30元套餐抵金券
upym914k2	抽奖-30元套餐抵金券
h0s712yj3	抽奖-30元套餐抵金券
4blst2si4	抽奖-30元套餐抵金券
aw4l1y2z9	抽奖-30元套餐抵金券
x7x6tzwy9	抽奖-30元套餐抵金券
3tfz1v6gf	抽奖-30元套餐抵金券
q49ktw0ff	抽奖-30元套餐抵金券
df25lwueg	抽奖-30元套餐抵金券
j0lyts4vl	抽奖-30元套餐抵金券
6bejltyum	抽奖-30元套餐抵金券
tm84dustn	抽奖-30元套餐抵金券
z8qxlq2as	抽奖-30元套餐抵金券
mjjidqw9t	抽奖-30元套餐抵金券
s52aln6qy	抽奖-30元套餐抵金券
fgvwdn0pz	抽奖-30元套餐抵金券
2rph5otoz	抽奖-30元套餐抵金券
8c79dk455	抽奖-30元套餐抵金券
vn1u5lx45	抽奖-30元套餐抵金券
iyufxlr36	抽奖-30元套餐抵金券
okd85h1kb	抽奖-30元套餐抵金券
bv6txivjc	抽奖-30元套餐抵金券
hgpm6e50h	抽奖-30元套餐抵金券
4ri7xfzzi	抽奖-30元套餐抵金券
r2bspftyj	抽奖-30元套餐抵金券
xoulyb3go	抽奖-30元套餐抵金券
kzn6qcxfp	抽奖-30元套餐抵金券
7ahrhdrep	抽奖-30元套餐抵金券
dvzkq91vv	抽奖-30元套餐抵金券
06t5i9vuv	抽奖-30元套餐抵金券
6sbxq55b0	抽奖-30元套餐抵金券
t35ji6za1	抽奖-30元套餐抵金券
gey4a7t92	抽奖-30元套餐抵金券
mzgwi33q7	抽奖-30元套餐抵金券
9aaha3xp8	抽奖-30元套餐抵金券
wl3224ro9	抽奖-30元套餐抵金券
27mva015e	抽奖-30元套餐抵金券
pifg21v4f	抽奖-30元套餐抵金券
v3y9ax5lk	抽奖-30元套餐抵金券
ieru2yzkk	抽奖-30元套餐抵金券
5pkfuytjl	抽奖-30元套餐抵金券
bb382u30q	抽奖-30元套餐抵金券
ymwtuvxzr	抽奖-30元套餐抵金券
lxqemwrys	抽奖-30元套餐抵金券
ri87us1gx	抽奖-30元套餐抵金券
et2smsvfy	抽奖-30元套餐抵金券
kfkkuo5w3	抽奖-30元套餐抵金券
7qe6mpzv4	抽奖-30元套餐抵金券
u17reqsu4	抽奖-30元套餐抵金券
0nqjnm3ba	抽奖-30元套餐抵金券
nyj4emwaa	抽奖-30元套餐抵金券
a9cp6nq9b	抽奖-30元套餐抵金券
guvifj0qg	抽奖-30元套餐抵金券
35o37kuph	抽奖-30元套餐抵金券
9r7wfg46m	抽奖-30元套餐抵金券
kdu2zhs4o	抽奖-30元套餐抵金券
pycv7d2lt	抽奖-30元套餐抵金券
c95gzewku	抽奖-30元套餐抵金券
0kz1reqju	抽奖-30元套餐抵金券
56huzb000	抽奖-30元套餐抵金券
thbfrbuz0	抽奖-30元套餐抵金券
y2t7z74g6	抽奖-30元套餐抵金券
mdntr8yg6	抽奖-30元套餐抵金券
9ogej9sf7	抽奖-30元套餐抵金券
eaz6r52wc	抽奖-30元套餐抵金券
2lsrj5wvd	抽奖-30元套餐抵金券
pwlcb6que	抽奖-30元套餐抵金券
vh45j20bj	抽奖-30元套餐抵金券
isxqb3uak	抽奖-30元套餐抵金券
oegjjz4rp	抽奖-30元套餐抵金券
bp94bzyqq	抽奖-30元套餐抵金券
y03p30spq	抽奖-30元套餐抵金券
4llibw26w	抽奖-30元套餐抵金券
rwf33xw5w	抽奖-30元套餐抵金券
e78ovxq4x	抽奖-30元套餐抵金券
ktrh4u0l2	抽奖-30元套餐抵金券
74k2wuuk3	抽奖-30元套餐抵金券
dp2v4q418	抽奖-30元套餐抵金券
00wgwry09	抽奖-30元套餐抵金券
nbp1osrza	抽奖-30元套餐抵金券
tx8two1gf	抽奖-30元套餐抵金券
g81eoovgg	抽奖-30元套餐抵金券
3jvzgppfg	抽奖-30元套餐抵金券
95dsolzwl	抽奖-30元套餐抵金券
wg6dgmtvm	抽奖-30元套餐抵金券
21p6oi3cr	抽奖-30元套餐抵金券
pcirgixbs	抽奖-30元套餐抵金券
cncc8jrat	抽奖-30元套餐抵金券
i9u5gf1ry	抽奖-30元套餐抵金券
5koq8gvqz	抽奖-30元套餐抵金券
svhb0gpp0	抽奖-30元套餐抵金券
yg048cz65	抽奖-30元套餐抵金券
lrtp0dt55	抽奖-30元套餐抵金券
rdci893mb	抽奖-30元套餐抵金券
eo530axlb	抽奖-30元套餐抵金券
1zyosarkc	抽奖-30元套餐抵金券
7khg0711h	抽奖-30元套餐抵金券
uva1s7v0i	抽奖-30元套餐抵金券
h64mk8pzj	抽奖-30元套餐抵金券
nsmft4zgo	抽奖-30元套餐抵金券
a3g0k5tgp	抽奖-30元套餐抵金券
goytt13xu	抽奖-30元套餐抵金券
3zsel1xwv	抽奖-30元套餐抵金券
qalzd2rvv	抽奖-30元套餐抵金券
ww3sly1c1	抽奖-30元套餐抵金券
j7xddzvb1	抽奖-30元套餐抵金券
6iqy5zpa2	抽奖-30元套餐抵金券
c39rdvzr7	抽奖-30元套餐抵金券
ze2c5wtq8	抽奖-30元套餐抵金券
50l5ds37d	抽奖-30元套餐抵金券
sbeq5tw6e	抽奖-30元套餐抵金券
fm7bxtq5f	抽奖-30元套餐抵金券
l7q35p0mk	抽奖-30元套餐抵金券
8ijoxqull	抽奖-30元套餐抵金券
vtd9prokl	抽奖-30元套餐抵金券
1fv2xny1r	抽奖-30元套餐抵金券
hn11pkwgx	抽奖-30元套餐抵金券
4yumhlqfy	抽奖-30元套餐抵金券
ajdfph0x3	抽奖-30元套餐抵金券
xu60hiuw4	抽奖-30元套餐抵金券
k5zl9iov5	抽奖-30元套餐抵金券
qrieheyca	抽奖-30元套餐抵金券
d2bz9fsbb	抽奖-30元套餐抵金券
jnusib2sg	抽奖-30元套餐抵金券
6yndacwrg	抽奖-30元套餐抵金券
t9hy1cqqh	抽奖-30元套餐抵金券
zvzqa807m	抽奖-30元套餐抵金券
m6sb29u6n	抽奖-30元套餐抵金券
9hmxuao5o	抽奖-30元套餐抵金券
f24p26ymt	抽奖-30元套餐抵金券
2dyau6slu	抽奖-30元套餐抵金券
8zg32222z	抽奖-30元套餐抵金券
vaaou3w10	抽奖-30元套餐抵金券
il39m4q01	抽奖-30元套餐抵金券
o6m2u00h6	抽奖-30元套餐抵金券
bhfnm0ug6	抽奖-30元套餐抵金券
ys88e1of7	抽奖-30元套餐抵金券
4er1mxyxc	抽奖-30元套餐抵金券
rpkmeyswd	抽奖-30元套餐抵金券
xa3fmu2di	抽奖-30元套餐抵金券
klw0evvcj	抽奖-30元套餐抵金券
7wql6vpbk	抽奖-30元套餐抵金券
di8derzsp	抽奖-30元套餐抵金券
0t2y6strq	抽奖-30元套餐抵金券
o4vkytnqq	抽奖-30元套餐抵金券
tpec6px7w	抽奖-30元套餐抵金券
g07xypr6w	抽奖-30元套餐抵金券
mmpq7l1n2	抽奖-30元套餐抵金券
9xjbymvm2	抽奖-30元套餐抵金券
x8cwqnpl3	抽奖-30元套餐抵金券
2uvpzjz28	抽奖-30元套餐抵金券
q5oarjt19	抽奖-30元套餐抵金券
dgivjkn0a	抽奖-30元套餐抵金券
i10orgxhf	抽奖-30元套餐抵金券
6ct9jhrgg	抽奖-30元套餐抵金券
byc2rd1yl	抽奖-30元套餐抵金券
z95njdvxm	抽奖-30元套餐抵金券
mkz8bepwm	抽奖-30元套餐抵金券
s5h0jazds	抽奖-30元套餐抵金券
fgblbbtcs	抽奖-30元套餐抵金券
2r473bnbt	抽奖-30元套餐抵金券
8dnzb8xsy	抽奖-30元套餐抵金券
vogk38rrz	抽奖-30元套餐抵金券
19zdb4184	抽奖-30元套餐抵金券
oksy35v75	抽奖-30元套餐抵金券
bvljv6p66	抽奖-30元套餐抵金券
hh4c32znb	抽奖-30元套餐抵金券
4sxxv2tmc	抽奖-30元套餐抵金券
r3rin3nlc	抽奖-30元套餐抵金券
xo9bvzx2h	抽奖-30元套餐抵金券
kz3wn0q1i	抽奖-30元套餐抵金券
qllpvw1in	抽奖-30元套餐抵金券
dweanwuho	抽奖-30元套餐抵金券
078vfxogp	抽奖-30元套餐抵金券
6sqnotyyu	抽奖-30元套餐抵金券
t3k8gusxv	抽奖-30元套餐抵金券
gedu7umww	抽奖-30元套餐抵金券
m0wmgqwd1	抽奖-30元套餐抵金券
9bp78rqc1	抽奖-30元套餐抵金券
fw80gn0t7	抽奖-30元套餐抵金券
271l8ous7	抽奖-30元套餐抵金券
piu60oor8	抽奖-30元套餐抵金券
v4dz8ly8d	抽奖-30元套餐抵金券
if6k0ls7e	抽奖-30元套餐抵金券
5q05smm6f	抽奖-30元套餐抵金券
bciy0iwnk	抽奖-30元套餐抵金券
yncjsjqml	抽奖-30元套餐抵金券
48uc0f03q	抽奖-30元套餐抵金券
rjoxsfu2r	抽奖-30元套餐抵金券
euhikgo1r	抽奖-30元套餐抵金券
kg0ascyix	抽奖-30元套餐抵金券
7rtwkdshx	抽奖-30元套餐抵金券
u2mhcdmgy	抽奖-30元套餐抵金券
0n59k9wy3	抽奖-30元套餐抵金券
nyyucaqx4	抽奖-30元套餐抵金券
tkhnk60e9	抽奖-30元套餐抵金券
gva8c7uda	抽奖-30元套餐抵金券
364t47ocb	抽奖-30元套餐抵金券
9rmmd4ytg	抽奖-30元套餐抵金券
w2f744ssh	抽奖-30元套餐抵金券
jd9sw5mrh	抽奖-30元套餐抵金券
pzrl51w8n	抽奖-30元套餐抵金券
cal6x2p7n	抽奖-30元套餐抵金券
iv3z5y0ot	抽奖-30元套餐抵金券
56xkxytnt	抽奖-30元套餐抵金券
shq5pznmu	抽奖-30元套餐抵金券
y39xxvx3z	抽奖-30元套餐抵金券
le2jpwr20	抽奖-30元套餐抵金券
8pv4hwl11	抽奖-30元套餐抵金券
eaewpsvi6	抽奖-30元套餐抵金券
1l7hhtph7	抽奖-30元套餐抵金券
77qappzyc	抽奖-30元套餐抵金券
uijvhqtyd	抽奖-30元套餐抵金券
htdg9qnxd	抽奖-30元套餐抵金券
nev9hmxei	抽奖-30元套餐抵金券
appu9nrdj	抽奖-30元套餐抵金券
x0if1olck	抽奖-30元套餐抵金券
3m189kvtp	抽奖-30元套餐抵金券
qxut1kpsq	抽奖-30元套餐抵金券
wjcm9hz9v	抽奖-30元套餐抵金券
ju671ht8w	抽奖-30元套餐抵金券
65zstin7x	抽奖-30元套餐抵金券
cqik1exo2	抽奖-30元套餐抵金券
z1b6tfrn2	抽奖-30元套餐抵金券
mc5rlflm3	抽奖-30元套餐抵金券
synjubv38	抽奖-30元套餐抵金券
f9g4lcp29	抽奖-30元套餐抵金券
luzxu8zje	抽奖-30元套餐抵金券
85sim9tif	抽奖-30元套餐抵金券
vgm3e9nhg	抽奖-30元套餐抵金券
124wm5xyl	抽奖-30元套餐抵金券
odyhe6rxm	抽奖-30元套餐抵金券
bor267kxm	抽奖-30元套餐抵金券
h9ave3ves	抽奖-30元套餐抵金券
4k3g63ods	抽奖-30元套餐抵金券
a6m9ezyuy	抽奖-30元套餐抵金券
xhfu60sty	抽奖-30元套餐抵金券
ks8fy1msz	抽奖-30元套餐抵金券
qdr76xw94	抽奖-30元套餐抵金券
doktyxq85	抽奖-30元套餐抵金券
1zeeqyk76	抽奖-30元套餐抵金券
6lw6yuuob	抽奖-30元套餐抵金券
uwqrqvonc	抽奖-30元套餐抵金券
zh8kyry4h	抽奖-30元套餐抵金券
ms15qss3i	抽奖-30元套餐抵金券
a3vqism2i	抽奖-30元套餐抵金券
fpdjqowjo	抽奖-30元套餐抵金券
3074ipqio	抽奖-30元套餐抵金券
qb0paqkhp	抽奖-30元套餐抵金券
wwjiimuyu	抽奖-30元套餐抵金券
j7c3amoxv	抽奖-30元套餐抵金券
otvwjiyf0	抽奖-30元套餐抵金券
c4ohbjse1	抽奖-30元套餐抵金券
510vbgwu7	抽奖-30元套餐抵金券
fnn1vhks8	抽奖-30元套餐抵金券
l85t3du9e	抽奖-30元套餐抵金券
8jzeveo8e	抽奖-30元套餐抵金券
e5h73aypj	抽奖-30元套餐抵金券
1gbsvasok	抽奖-30元套餐抵金券
or4dnbmnl	抽奖-30元套餐抵金券
abe1rctk7	抽奖-50元套餐抵金券
xm7mjcnj8	抽奖-50元套餐抵金券
37qfr8x0d	抽奖-50元套餐抵金券
qij0j9rze	抽奖-50元套餐抵金券
w42tr51gj	抽奖-50元套餐抵金券
jfvej6vfk	抽奖-50元套餐抵金券
6qozb6pel	抽奖-50元套餐抵金券
cb7rj3zwq	抽奖-50元套餐抵金券
zm0cb3tvr	抽奖-50元套餐抵金券
mxux34nur	抽奖-50元套餐抵金券
sjcqb0xbx	抽奖-50元套餐抵金券
fu6b31rax	抽奖-50元套餐抵金券
lgo4bx1r3	抽奖-50元套餐抵金券
8qip3xvq3	抽奖-50元套餐抵金券
v1bavypp4	抽奖-50元套餐抵金券
1nt33uz69	抽奖-50元套餐抵金券
oynovvt5a	抽奖-50元套餐抵金券
b9g9nvn4b	抽奖-50元套餐抵金券
hvz2vrxlg	抽奖-50元套餐抵金券
46snnsrkh	抽奖-50元套餐抵金券
arbgvo11m	抽奖-50元套餐抵金券
x241npv0n	抽奖-50元套餐抵金券
kdxmfppzn	抽奖-50元套餐抵金券
qzgeomzgt	抽奖-50元套餐抵金券
da9zgmtft	抽奖-50元套餐抵金券
0l3l7nneu	抽奖-50元套餐抵金券
66ldgjxwz	抽奖-50元套餐抵金券
thfy8krv0	抽奖-50元套餐抵金券
z3xrgg1c5	抽奖-50元套餐抵金券
merc8gub6	抽奖-50元套餐抵金券
9pkx0hoa7	抽奖-50元套餐抵金券
fa3q8dyrc	抽奖-50元套餐抵金券
2lwb0esqd	抽奖-50元套餐抵金券
pwpwsempd	抽奖-50元套餐抵金券
vi8p0aw6j	抽奖-50元套餐抵金券
it1asbq5j	抽奖-50元套餐抵金券
oek3070mo	抽奖-50元套餐抵金券
bpdos8ulp	抽奖-50元套餐抵金券
y079k8okq	抽奖-50元套餐抵金券
4mp1s4y1v	抽奖-50元套餐抵金券
rximk5s0w	抽奖-50元套餐抵金券
e8c8c6mzx	抽奖-50元套餐抵金券
ktu0k2wg2	抽奖-50元套餐抵金券
74olc2qf3	抽奖-50元套餐抵金券
dq6ekz0w8	抽奖-50元套餐抵金券
010zczuv8	抽奖-50元套餐抵金券
nctk40ov9	抽奖-50元套餐抵金券
tycdcwyce	抽奖-50元套餐抵金券
g85y4xsbf	抽奖-50元套餐抵金券
3jyjwxmag	抽奖-50元套餐抵金券
95hc5twrl	抽奖-50元套餐抵金券
wgaxxuqqm	抽奖-50元套餐抵金券
22tq5q07r	抽奖-50元套餐抵金券
pdmbxru6s	抽奖-50元套餐抵金券
cogwpro5s	抽奖-50元套餐抵金券
i9yoxnymy	抽奖-50元套餐抵金券
5ks9posly	抽奖-50元套餐抵金券
svlvhpmkz	抽奖-50元套餐抵金券
yh4nplw14	抽奖-50元套餐抵金券
lsx8hlp05	抽奖-50元套餐抵金券
rdf1ph0ha	抽奖-50元套餐抵金券
eo9mhitgb	抽奖-50元套餐抵金券
1z279jnfc	抽奖-50元套餐抵金券
7ll0hfxwh	抽奖-50元套餐抵金券
uwel9frvi	抽奖-50元套餐抵金券
h7861glvi	抽奖-50元套餐抵金券
nsqz9cvco	抽奖-50元套餐抵金券
a3jk1dpbo	抽奖-50元套餐抵金券
gp2d99zsu	抽奖-50元套餐抵金券
30vy1atru	抽奖-50元套餐抵金券
qbpjtanqv	抽奖-50元套餐抵金券
ww7b16x70	抽奖-50元套餐抵金券
j71wt7r61	抽奖-50元套餐抵金券
6iuil8l52	抽奖-50元套餐抵金券
c4dau4vm7	抽奖-50元套餐抵金券
zf6vl4pl8	抽奖-50元套餐抵金券
50pou0z2d	抽奖-50元套餐抵金券
sbi9m1t1e	抽奖-50元套餐抵金券
fmbue2n0e	抽奖-50元套餐抵金券
l8unmyxhj	抽奖-50元套餐抵金券
8jn8eyrgk	抽奖-50元套餐抵金券
wuht6zlfl	抽奖-50元套餐抵金券
1gzmevvwq	抽奖-50元套餐抵金券
oqt76wpvr	抽奖-50元套餐抵金券
ucb0eszdw	抽奖-50元套餐抵金券
hn4l6stcx	抽奖-50元套餐抵金券
5yy6ytnby	抽奖-50元套餐抵金券
akgy6pxs3	抽奖-50元套餐抵金券
yvakyqrr3	抽奖-50元套餐抵金券
l635qqlq4	抽奖-50元套餐抵金券
qrmxynv79	抽奖-50元套餐抵金券
e2fiqno6a	抽奖-50元套餐抵金券
joybyjznf	抽奖-50元套餐抵金券
7zrwqksmg	抽奖-50元套餐抵金券
uakhilmlh	抽奖-50元套餐抵金券
0v3aqhw2m	抽奖-50元套餐抵金券
n6wvihq1n	抽奖-50元套餐抵金券
ahqgaik0o	抽奖-50元套餐抵金券
g389ieuht	抽奖-50元套餐抵金券
3e2uafogt	抽奖-50元套餐抵金券
9zknjbyxz	抽奖-50元套餐抵金券
wae8bbswz	抽奖-50元套餐抵金券
jl7t3cmv0	抽奖-50元套餐抵金券
p7qlb8wd5	抽奖-50元套餐抵金券
cij739qc6	抽奖-50元套餐抵金券
ztcsv9kb7	抽奖-50元套餐抵金券
5evk35usc	抽奖-50元套餐抵金券
spo5v6ord	抽奖-50元套餐抵金券
yb7y32y8i	抽奖-50元套餐抵金券
lm0jv3s7j	抽奖-50元套餐抵金券
8xu4n3m6j	抽奖-50元套餐抵金券
eicxv0wnp	抽奖-50元套餐抵金券
1t5in0qmp	抽奖-50元套餐抵金券
o4z3f1klq	抽奖-50元套餐抵金券
uqhwnxu2v	抽奖-50元套餐抵金券
h1bhfyo1w	抽奖-50元套餐抵金券
nntanuyi1	抽奖-50元套餐抵金券
aynvfush2	抽奖-50元套餐抵金券
x8gg7vmg3	抽奖-50元套餐抵金券
3uz8frwx8	抽奖-50元套餐抵金券
q5su7sqw9	抽奖-50元套餐抵金券
dglfzsjv9	抽奖-50元套餐抵金券
j2477oudf	抽奖-50元套餐抵金券
6dxszpncf	抽奖-50元套餐抵金券
cygl8lytk	抽奖-50元套餐抵金券
z996zmrsl	抽奖-50元套餐抵金券
mk3rrmlrm	抽奖-50元套餐抵金券
s6lk0iv8r	抽奖-50元套餐抵金券
fhf5sjp7s	抽奖-50元套餐抵金券
2s8qkkj6t	抽奖-50元套餐抵金券
8drjsgtny	抽奖-50元套餐抵金券
vok4kgnmz	抽奖-50元套餐抵金券
1a2xsdx34	抽奖-50元套餐抵金券
olwikdr24	抽奖-50元套餐抵金券
bwp3cel15	抽奖-50元套餐抵金券
hh8vkavia	抽奖-50元套餐抵金券
4s1hcbphb	抽奖-50元套餐抵金券
r3v24bjgc	抽奖-50元套餐抵金券
xpduc7txh	抽奖-50元套餐抵金券
k06f48nwi	抽奖-50元套餐抵金券
qlp8c4xen	抽奖-50元套餐抵金券
dwit45rdo	抽奖-50元套餐抵金券
07cew5lco	抽奖-50元套餐抵金券
6tu741vtu	抽奖-50元套餐抵金券
t4osw2psu	抽奖-50元套餐抵金券
gfhdo3jrv	抽奖-50元套餐抵金券
m006wzt80	抽奖-50元套餐抵金券
9btrozn71	抽奖-50元套餐抵金券
fxckwwxo6	抽奖-50元套餐抵金券
2855owrn7	抽奖-50元套餐抵金券
pjyqgxlm8	抽奖-50元套餐抵金券
v5hjptv3d	抽奖-50元套餐抵金券
iga4hup2e	抽奖-50元套餐抵金券
5q4p8ui1e	抽奖-50元套餐抵金券
bcmhhqtik	抽奖-50元套餐抵金券
yng29rmhk	抽奖-50元套餐抵金券
49yvhnwyq	抽奖-50元套餐抵金券
rkrg9oqxq	抽奖-50元套餐抵金券
evl11okwr	抽奖-50元套餐抵金券
kg3u9kudw	抽奖-50元套餐抵金券
7rxf1lodx	抽奖-50元套餐抵金券
u2q0tmicy	抽奖-50元套餐抵金券
0o9t1ist3	抽奖-50元套餐抵金券
nz2etims4	抽奖-50元套餐抵金券
tkl71ew99	抽奖-50元套餐抵金券
gvestfq8a	抽奖-50元套餐抵金券
367dlgk7a	抽奖-50元套餐抵金券
9sq6tcuog	抽奖-50元套餐抵金券
w3jrlcong	抽奖-50元套餐抵金券
jedcddimh	抽奖-50元套餐抵金券
pzv4l9s3m	抽奖-50元套餐抵金券
cappdam2n	抽奖-50元套餐抵金券
iw7il6wjs	抽奖-50元套餐抵金券
5713d7qit	抽奖-50元套餐抵金券
siuo57khu	抽奖-50元套餐抵金券
y3dhe3uyz	抽奖-50元套餐抵金券
le6254ox0	抽奖-50元套餐抵金券
9pznx5iw0	抽奖-50元套餐抵金券
ebig61sd5	抽奖-50元套餐抵金券
2mb1y1md6	抽奖-50元套餐抵金券
77uu6xwub	抽奖-50元套餐抵金券
uinfyyqtc	抽奖-50元套餐抵金券
ith0qzksd	抽奖-50元套餐抵金券
nfztyvu9i	抽奖-50元套餐抵金券
bqseqvo8j	抽奖-50元套餐抵金券
y1mziwh7k	抽奖-50元套餐抵金券
4n4rqsrop	抽奖-50元套餐抵金券
ryycitlnp	抽奖-50元套餐抵金券
wjg5qpv4v	抽奖-50元套餐抵金券
kuaqipp3v	抽奖-50元套餐抵金券
753baqj2w	抽奖-50元套餐抵金券
drm4imtj1	抽奖-50元套餐抵金券
02fpanni2	抽奖-50元套餐抵金券
nd8a2nhh3	抽奖-50元套餐抵金券
tyr3akry8	抽奖-50元套餐抵金券
g9ko2klx9	抽奖-50元套餐抵金券
mv3hagvee	抽奖-50元套餐抵金券
96w22hpdf	抽奖-50元套餐抵金券
whqnuijdf	抽奖-50元套餐抵金券
228g2etul	抽奖-50元套餐抵金券
pd21uentl	抽奖-50元套餐抵金券
covmmfhsm	抽奖-50元套餐抵金券
iadevbr9r	抽奖-50元套餐抵金券
5l7zmcl8s	抽奖-50元套餐抵金券
b6psv8vpx	抽奖-50元套餐抵金券
yhjdn8poy	抽奖-50元套餐抵金券
lscyf9jnz	抽奖-50元套餐抵金券
revrn5t44	抽奖-50元套餐抵金券
epocf6n35	抽奖-50元套餐抵金券
10hx76h25	抽奖-50元套餐抵金券
7l0qf2rjb	抽奖-50元套餐抵金券
uwtb73lib	抽奖-50元套餐抵金券
0ic4fzvzg	抽奖-50元套餐抵金券
nt5p70pyh	抽奖-50元套餐抵金券
a4zaz0jxi	抽奖-50元套餐抵金券
gph37xten	抽奖-50元套餐抵金券
30bozxndo	抽奖-50元套餐抵金券
qb49rygcp	抽奖-50元套餐抵金券
wxn1zuquu	抽奖-50元套餐抵金券
j8gmrvktv	抽奖-50元套餐抵金券
puzfzrua0	抽奖-50元套餐抵金券
c5s0rro90	抽奖-50元套餐抵金券
zglljsi81	抽奖-50元套餐抵金券
514erosp6	抽奖-50元套餐抵金券
scxzjpmo7	抽奖-50元套餐抵金券
fnrkbpgn8	抽奖-50元套餐抵金券
l99djlq4d	抽奖-50元套餐抵金券
8k3ybmk3e	抽奖-50元套餐抵金券
e5lrkiukj	抽奖-50元套餐抵金券
1geccjojk	抽奖-50元套餐抵金券
or8x4jiil	抽奖-50元套餐抵金券
udqqcfszq	抽奖-50元套餐抵金券
hokb4gmyq	抽奖-50元套餐抵金券
4zdwwhgxr	抽奖-50元套餐抵金券
akwo4dqew	抽奖-50元套餐抵金券
xvp9wdkdx	抽奖-50元套餐抵金券
3h824auv2	抽奖-50元套餐抵金券
qs1nwaou3	抽奖-50元套餐抵金券
d3u8obit4	抽奖-50元套餐抵金券
jod1w7sa9	抽奖-50元套餐抵金券
6z6mo8m9a	抽奖-50元套餐抵金券
ta07g8g8a	抽奖-50元套餐抵金券
zwi0o4qpg	抽奖-50元套餐抵金券
m7clg5kog	抽奖-50元套餐抵金券
ssueo1u5m	抽奖-50元套餐抵金券
f3ozg2o4m	抽奖-50元套餐抵金券
2ehk82i3n	抽奖-50元套餐抵金券
80zdgysks	抽奖-50元套餐抵金券
vbty8zljt	抽奖-50元套餐抵金券
immj00fiu	抽奖-50元套餐抵金券
o75b8wpzz	抽奖-50元套餐抵金券
biyw0wjy0	抽奖-50元套餐抵金券
h4hp9stf5	抽奖-50元套餐抵金券
4faa1tne6	抽奖-50元套餐抵金券
rq4vsuhd6	抽奖-50元套餐抵金券
xcmo1qrvc	抽奖-50元套餐抵金券
knf9tqluc	抽奖-50元套餐抵金券
7y9ulrftd	抽奖-50元套餐抵金券
djrntnpai	抽奖-50元套餐抵金券
0ul8loj9j	抽奖-50元套餐抵金券
6g31tktqo	抽奖-50元套餐抵金券
trxmllnpp	抽奖-50元套餐抵金券
g2q7dlhoq	抽奖-50元套餐抵金券
mn90lhr5v	抽奖-50元套餐抵金券
9y2ldil4w	抽奖-50元套餐抵金券
w9v65jf3w	抽奖-50元套餐抵金券
2veydfpk1	抽奖-50元套餐抵金券
p67k5fjj2	抽奖-50元套餐抵金券
vrqcdbt07	抽奖-50元套餐抵金券
i2jx5cnz8	抽奖-50元套餐抵金券
6ddixdhy9	抽奖-50元套餐抵金券
bzvb59rfe	抽奖-50元套餐抵金券
yapwx9lef	抽奖-50元套餐抵金券
mlihpafdg	抽奖-50元套餐抵金券
r60ax6pvl	抽奖-50元套餐抵金券
fhuvp7jul	抽奖-50元套餐抵金券
8e69p3nar	抽奖-50元套餐抵金券
vpzuh4g9s	抽奖-50元套餐抵金券
olb8i1kpy	抽奖-50元套餐抵金券
bw4t91eoz	抽奖-50元套餐抵金券
hinliyo54	抽奖-50元套餐抵金券
aezziusla	抽奖-50元套餐抵金券
xpskavmkb	抽奖-50元套餐抵金券
k0m52wgjb	抽奖-50元套餐抵金券
qm4yasq0h	抽奖-50元套餐抵金券
dxyj2skzh	抽奖-50元套餐抵金券
08r4uteyi	抽奖-50元套餐抵金券
6uax2pofn	抽奖-50元套餐抵金券
t53iuqieo	抽奖-50元套餐抵金券
zqmb2msvt	抽奖-50元套餐抵金券
m1fwummvu	抽奖-50元套餐抵金券
9c8hmnguv	抽奖-50元套餐抵金券
fyraujqb0	抽奖-50元套餐抵金券
29kvmkka1	抽奖-50元套餐抵金券
pkegeke91	抽奖-50元套餐抵金券
v5w8mhoq7	抽奖-50元套餐抵金券
igquehip7	抽奖-50元套餐抵金券
o28mmds6d	抽奖-50元套餐抵金券
bd17eem5d	抽奖-50元套餐抵金券
yovs6fg4e	抽奖-50元套餐抵金券
49dlfbqlj	抽奖-50元套餐抵金券
rk766bkkk	抽奖-50元套餐抵金券
ev0rycejl	抽奖-50元套餐抵金券
khjk78o0q	抽奖-50元套餐抵金券
7sc5z9izr	抽奖-50元套餐抵金券
ddvy75sgw	抽奖-50元套餐抵金券
0oojz5mfx	抽奖-50元套餐抵金券
nzh4r6fex	抽奖-50元套餐抵金券
tl0xz2qv2	抽奖-50元套餐抵金券
gwtir3jv3	抽奖-50元套餐抵金券
37n3j3du4	抽奖-50元套餐抵金券
9s5vrznb9	抽奖-50元套餐抵金券
w3zhj0haa	抽奖-50元套餐抵金券
2ph9rwrrf	抽奖-50元套餐抵金券
p0bujxlqg	抽奖-50元套餐抵金券
cb4fbxfph	抽奖-50元套餐抵金券
iwm8jup6m	抽奖-50元套餐抵金券
57gtbuj5m	抽奖-50元套餐抵金券
si9e3vd4n	抽奖-50元套餐抵金券
y4s7brnls	抽奖-50元套餐抵金券
lfls3shkt	抽奖-50元套餐抵金券
r14lbor1y	抽奖-50元套餐抵金券
ecx63ol0z	抽奖-50元套餐抵金券
1nqrvpfz0	抽奖-50元套餐抵金券
789k3lpg5	抽奖-50元套餐抵金券
uj25vmjf6	抽奖-50元套餐抵金券
huwqnmde6	抽奖-50元套餐抵金券
ngejwinvc	抽奖-50元套餐抵金券
ar84ojhuc	抽奖-50元套餐抵金券
gcqwwfrci	抽奖-50元套餐抵金券
3nkhoglbi	抽奖-50元套餐抵金券
qyd2ggfaj	抽奖-50元套餐抵金券
wkwvocpro	抽奖-50元套餐抵金券
jvpggdjqp	抽奖-50元套餐抵金券
66i18edpq	抽奖-50元套餐抵金券
cr1ugan6v	抽奖-50元套餐抵金券
z2uf8ah5w	抽奖-50元套餐抵金券
5od8g7rm1	抽奖-50元套餐抵金券
sz6t87ll2	抽奖-50元套餐抵金券
fa0e08ek2	抽奖-50元套餐抵金券
lvi784p18	抽奖-50元套餐抵金券
86cs05i08	抽奖-50元套餐抵金券
vh5ds5cz9	抽奖-50元套餐抵金券
13n601mge	抽奖-50元套餐抵金券
oehrs2gff	抽奖-50元套餐抵金券
uzzj0yqwk	抽奖-50元套餐抵金券
hat4szkvl	抽奖-50元套餐抵金券
4lmpkzeum	抽奖-50元套餐抵金券
a75isvocr	抽奖-50元套餐抵金券
xiy3kwibs	抽奖-50元套餐抵金券
ktrocxcas	抽奖-50元套餐抵金券
qeahltmrx	抽奖-50元套餐抵金券
dp32ctgqy	抽奖-50元套餐抵金券
jbmvlpq73	抽奖-50元套餐抵金券
6mfgdqk64	抽奖-50元套餐抵金券
tx915re55	抽奖-50元套餐抵金券
zjrudnoma	抽奖-50元套餐抵金券
mulf5nilb	抽奖-50元套餐抵金券
a5e0xockc	抽奖-50元套餐抵金券
fqxt5km1h	抽奖-50元套餐抵金券
21qexlg0i	抽奖-50元套餐抵金券
8n865hqhn	抽奖-50元套餐抵金券
vy2rxikgn	抽奖-50元套餐抵金券
j9vcpiefo	抽奖-50元套餐抵金券
oue5xeowt	抽奖-50元套餐抵金券
c57qpfivu	抽奖-50元套餐抵金券
zg1bhgcuv	抽奖-50元套餐抵金券
42j4pcmc0	抽奖-50元套餐抵金券
sddphcgb1	抽奖-50元套餐抵金券
xyvip8qs6	抽奖-50元套餐抵金券
l9o3h9kr7	抽奖-50元套餐抵金券
8kio9adq7	抽奖-50元套餐抵金券
e60hh6n7d	抽奖-50元套餐抵金券
1hu296h6d	抽奖-50元套餐抵金券
osnn17b5e	抽奖-50元套餐抵金券
ud6g93lmj	抽奖-50元套餐抵金券
hoz114flk	抽奖-50元套餐抵金券
naita0p2p	抽奖-50元套餐抵金券
albe20j1q	抽奖-50元套餐抵金券
xw4zt1d0r	抽奖-50元套餐抵金券
3hns2xnhw	抽奖-50元套餐抵金券
qsgduyhgx	抽奖-50元套餐抵金券
d3aymybfx	抽奖-50元套餐抵金券
jpsruvlw3	抽奖-50元套餐抵金券
60mcmvfv3	抽奖-50元套餐抵金券
cl45urpd9	抽奖-50元套餐抵金券
zwyqmsjc9	抽奖-50元套餐抵金券
m7rbetdba	抽奖-50元套餐抵金券
st94mpnsf	抽奖-50元套餐抵金券
f43pephrg	抽奖-50元套餐抵金券
2fwa6qbqh	抽奖-50元套餐抵金券
81f3eml7m	抽奖-50元套餐抵金券
vc8o6nf6n	抽奖-50元套餐抵金券
1xrgejpns	抽奖-50元套餐抵金券
o8k16jjmt	抽奖-50元套餐抵金券
bjdmykdlt	抽奖-50元套餐抵金券
h5wf6gn2y	抽奖-50元套餐抵金券
4gp0yhh1z	抽奖-50元套餐抵金券
rrjlqhb00	抽奖-50元套餐抵金券
xc1eydlh5	抽奖-50元套餐抵金券
knvzqefg6	抽奖-50元套餐抵金券
q9dszapxb	抽奖-50元套餐抵金券
dk7dqbiwc	抽奖-50元套餐抵金券
0v0yibcvd	抽奖-50元套餐抵金券
6gjrr8mdi	抽奖-50元套餐抵金券
trccj8gci	抽奖-50元套餐抵金券
g25xb9abj	抽奖-50元套餐抵金券
mooqj5kso	抽奖-50元套餐抵金券
9zhbb6erp	抽奖-50元套餐抵金券
fk03j2o8u	抽奖-50元套餐抵金券
2vtob2i7v	抽奖-50元套餐抵金券
p6n933c6w	抽奖-50元套餐抵金券
vs52bzmn1	抽奖-50元套餐抵金券
i3zn30gm2	抽奖-50元套餐抵金券
5es8v0al3	抽奖-50元套餐抵金券
bza13wk28	抽奖-50元套餐抵金券
ya4mvxe18	抽奖-50元套餐抵金券
4wmf3toie	抽奖-50元套餐抵金券
r7g0vuihe	抽奖-50元套餐抵金券
ei9lnucgf	抽奖-50元套餐抵金券
k3sevrmxk	抽奖-50元套餐抵金券
7elznrgwl	抽奖-50元套餐抵金券
upekfsavm	抽奖-50元套餐抵金券
0bxdnokdr	抽奖-50元套餐抵金券
nmqyfpecs	抽奖-50元套餐抵金券
t89qnlotx	抽奖-50元套餐抵金券
gj2bflisy	抽奖-50元套餐抵金券
3uww7mcry	抽奖-50元套餐抵金券
9fepgim84	抽奖-50元套餐抵金券
wq8a8jg74	抽奖-50元套餐抵金券
j11vzja65	抽奖-50元套餐抵金券
pnko8fkna	抽奖-50元套餐抵金券
cyd90gemb	抽奖-50元套餐抵金券
ijv28co3g	抽奖-50元套餐抵金券
5upn0dh2h	抽奖-50元套餐抵金券
s5i8sdb1i	抽奖-50元套餐抵金券
yr1109lin	抽奖-50元套餐抵金券
l2umsafho	抽奖-50元套餐抵金券
8do7kb9go	抽奖-50元套餐抵金券
ey60s7jxu	抽奖-50元套餐抵金券
19zlk7dwu	抽奖-50元套餐抵金券
7vids4ndz	抽奖-50元套餐抵金券
u6byk4hc0	抽奖-50元套餐抵金券
hh5kc5bc1	抽奖-50元套餐抵金券
n2nck1lt6	抽奖-50元套餐抵金券
adhxc2fs7	抽奖-50元套餐抵金券
xoai429r8	抽奖-50元套餐抵金券
3atbcyj8d	抽奖-50元套餐抵金券
qlmw4zd7e	抽奖-50元套餐抵金券
w65pcvnoj	抽奖-50元套餐抵金券
jhya4whnj	抽奖-50元套餐抵金券
6srvwwbmk	抽奖-50元套餐抵金券
ceao5sl3p	抽奖-50元套餐抵金券
zp39wtf2q	抽奖-50元套餐抵金券
n0xuou91r	抽奖-50元套餐抵金券
slfnxqjiw	抽奖-50元套餐抵金券
gw98pqdhx	抽奖-50元套餐抵金券
lir0xmny2	抽奖-50元套餐抵金券
8tllpnhx3	抽奖-50元套餐抵金券
w4e7hobw3	抽奖-50元套餐抵金券
1qwzpkld9	抽奖-50元套餐抵金券
ccj59l9ca	抽奖-50元套餐抵金券
ix2yhhjtf	抽奖-50元套餐抵金券
58vj9icsg	抽奖-50元套餐抵金券
buechen9l	抽奖-50元套餐抵金券
y57x9fg8m	抽奖-50元套餐抵金券
lg0i1fa7n	抽奖-50元套餐抵金券
r1jb9bkos	抽奖-50元套餐抵金券
eccw1cent	抽奖-50元套餐抵金券
1n6htd8mt	抽奖-50元套餐抵金券
79oa19i3z	抽奖-50元套餐抵金券
ukivt9c2z	抽奖-50元套餐抵金券
050n15mj5	抽奖-50元套餐抵金券
ngu8t6gi5	抽奖-50元套餐抵金券
arnul7ah6	抽奖-50元套餐抵金券
gd6mt3kyb	抽奖-50元套餐抵金券
3oz7l3exc	抽奖-50元套餐抵金券
qzssd48wd	抽奖-50元套餐抵金券
wkblm0idi	抽奖-50元套餐抵金券
jv46d1ccj	抽奖-50元套餐抵金券
phnzmxmuo	抽奖-50元套餐抵金券
csgkexgtp	抽奖-50元套餐抵金券
z3a56yasp	抽奖-50元套餐抵金券
5osyeuk9v	抽奖-50元套餐抵金券
szmj6ve8v	抽奖-50元套餐抵金券
faf4yv87w	抽奖-50元套餐抵金券
lwxx6sio1	抽奖-50元套餐抵金券
87riyscn2	抽奖-50元套餐抵金券
es9a6om47	抽奖-50元套餐抵金券
133vypg38	抽奖-50元套餐抵金券
oewhqqa29	抽奖-50元套餐抵金券
u0f9ymkje	抽奖-50元套餐抵金券
hb8uqmeif	抽奖-50元套餐抵金券
4m1fin7hf	抽奖-50元套餐抵金券
a8k8qjiyk	抽奖-50元套餐抵金券
xjdtikbxl	抽奖-50元套餐抵金券
34wmqgmeq	抽奖-50元套餐抵金券
qfp7igfdr	抽奖-50元套餐抵金券
dqjsah9cs	抽奖-50元套餐抵金券
jc1lidjux	抽奖-50元套餐抵金券
y8pjssv2f	抽奖-100元套餐抵金券
ljj4ktp1g	抽奖-100元套餐抵金券
r41xspzil	抽奖-100元套餐抵金券
efvikpthm	抽奖-100元套餐抵金券
k1dbtl3yr	抽奖-100元套餐抵金券
7c7wlmxxs	抽奖-100元套餐抵金券
un0hdnrws	抽奖-100元套餐抵金券
08jalj1dy	抽奖-100元套餐抵金券
njcvdjvcy	抽奖-100元套餐抵金券
au5g5kpbz	抽奖-100元套餐抵金券
ggo9dgzt4	抽奖-100元套餐抵金券
3rhu5hts5	抽奖-100元套餐抵金券
9c0mdd39a	抽奖-100元套餐抵金券
wnt75dx8b	抽奖-100元套餐抵金券
jyntxer7c	抽奖-100元套餐抵金券
pk5l5a1oh	抽奖-100元套餐抵金券
cvz6xbvni	抽奖-100元套餐抵金券
z6srpbpmi	抽奖-100元套餐抵金券
5sakx8z3o	抽奖-100元套餐抵金券
s345p8t2o	抽奖-100元套餐抵金券
yomyx43jt	抽奖-100元套餐抵金券
lzgjp5xiu	抽奖-100元套餐抵金券
8a94h6rhv	抽奖-100元套餐抵金券
ewsxp21y0	抽奖-100元套餐抵金券
17lih2vx1	抽奖-100元套餐抵金券
oie393pw2	抽奖-100元套餐抵金券
u3xwhzzd7	抽奖-100元套餐抵金券
heqh90tc8	抽奖-100元套餐抵金券
n099iw3ud	抽奖-100元套餐抵金券
ab2vawxtd	抽奖-100元套餐抵金券
xmwg1xqse	抽奖-100元套餐抵金券
37e8at19j	抽奖-100元套餐抵金券
dt1euuo7l	抽奖-100元套餐抵金券
jfk72qyoq	抽奖-100元套餐抵金券
6qdsursnr	抽奖-100元套餐抵金券
cbvl2n24w	抽奖-100元套餐抵金券
zmp6uow3x	抽奖-100元套餐抵金券
mxirmoq2x	抽奖-100元套餐抵金券
sj1kul0j3	抽奖-100元套餐抵金券
fuu5mlui3	抽奖-100元套餐抵金券
35oqemoh4	抽奖-100元套餐抵金券
8q6jmiyy9	抽奖-100元套餐抵金券
v1z4ejsxa	抽奖-100元套餐抵金券
1niwmf2ef	抽奖-100元套餐抵金券
oybiefwdg	抽奖-100元套餐抵金券
c9536gqch	抽奖-100元套餐抵金券
hunvec0tm	抽奖-100元套餐抵金券
55hg6dutn	抽奖-100元套餐抵金券
sga1ydosn	抽奖-100元套餐抵金券
y2tu69y9t	抽奖-100元套餐抵金券
ldmfyas8t	抽奖-100元套餐抵金券
qz58762pz	抽奖-100元套餐抵金券
eayty7woz	抽奖-100元套餐抵金券
1lreq7qn0	抽奖-100元套餐抵金券
76a7z4045	抽奖-100元套餐抵金券
uh3sr4u36	抽奖-100元套餐抵金券
hsxdi5o27	抽奖-100元套餐抵金券
nef6r1yjc	抽奖-100元套餐抵金券
ap9rj2sid	抽奖-100元套餐抵金券
garjry2zi	抽奖-100元套餐抵金券
3ll5jywyj	抽奖-100元套餐抵金券
qweqbzpxj	抽奖-100元套餐抵金券
wiwijvzeo	抽奖-100元套餐抵金券
jtq3bwtdp	抽奖-100元套餐抵金券
64jo3wncq	抽奖-100元套餐抵金券
cp2hbsxtv	抽奖-100元套餐抵金券
z0v23trtw	抽奖-100元套餐抵金券
5mevbp1a1	抽奖-100元套餐抵金券
sx7g3qv92	抽奖-100元套餐抵金券
f801vqp83	抽奖-100元套餐抵金券
ltju3mzp8	抽奖-100元套餐抵金券
84cfvnto9	抽奖-100元套餐抵金券
vf60nonn9	抽奖-100元套餐抵金券
11otvkx4e	抽奖-100元套餐抵金券
ocienkr3f	抽奖-100元套餐抵金券
ux06vh1kk	抽奖-100元套餐抵金券
h8usnhvjl	抽奖-100元套餐抵金券
4jndfipim	抽奖-100元套餐抵金券
a565oezzr	抽奖-100元套餐抵金券
xgzqfftys	抽奖-100元套餐抵金券
krsb7fnxt	抽奖-100元套餐抵金券
qcb4gbxey	抽奖-100元套餐抵金券
dn4p8crdy	抽奖-100元套餐抵金券
j9nig81u4	抽奖-100元套餐抵金券
6kg389vt4	抽奖-100元套餐抵金券
tvao09pt5	抽奖-100元套餐抵金券
zhsh85zaa	抽奖-100元套餐抵金券
msl206t9b	抽奖-100元套餐抵金券
93fns7n8c	抽奖-100元套餐抵金券
foxg03xph	抽奖-100元套餐抵金券
2zr1s3roi	抽奖-100元套餐抵金券
8l9u0z15n	抽奖-100元套餐抵金券
vw3fs0v4o	抽奖-100元套餐抵金券
i7w0k1o3o	抽奖-100元套餐抵金券
osfssxyku	抽奖-100元套餐抵金券
b38dkxsju	抽奖-100元套餐抵金券
ye1ycymiv	抽奖-100元套餐抵金券
40krkuwz0	抽奖-100元套餐抵金券
rbdccvqy1	抽奖-100元套餐抵金券
xww5kr0f6	抽奖-100元套餐抵金券